[{"model": "contenttypes.contenttype", "pk": 1, "fields": {"app_label": "admin", "model": "logentry"}}, {"model": "contenttypes.contenttype", "pk": 2, "fields": {"app_label": "auth", "model": "permission"}}, {"model": "contenttypes.contenttype", "pk": 3, "fields": {"app_label": "auth", "model": "group"}}, {"model": "contenttypes.contenttype", "pk": 4, "fields": {"app_label": "auth", "model": "user"}}, {"model": "contenttypes.contenttype", "pk": 5, "fields": {"app_label": "contenttypes", "model": "contenttype"}}, {"model": "contenttypes.contenttype", "pk": 6, "fields": {"app_label": "sessions", "model": "session"}}, {"model": "contenttypes.contenttype", "pk": 7, "fields": {"app_label": "blog", "model": "blogtype"}}, {"model": "contenttypes.contenttype", "pk": 8, "fields": {"app_label": "blog", "model": "blog"}}, {"model": "contenttypes.contenttype", "pk": 9, "fields": {"app_label": "blog", "model": "readnum"}}, {"model": "contenttypes.contenttype", "pk": 10, "fields": {"app_label": "read_statistics", "model": "readnum"}}, {"model": "contenttypes.contenttype", "pk": 11, "fields": {"app_label": "read_statistics", "model": "readdetail"}}, {"model": "contenttypes.contenttype", "pk": 12, "fields": {"app_label": "comment", "model": "comment"}}, {"model": "contenttypes.contenttype", "pk": 13, "fields": {"app_label": "likes", "model": "likecount"}}, {"model": "contenttypes.contenttype", "pk": 14, "fields": {"app_label": "likes", "model": "likerecord"}}, {"model": "contenttypes.contenttype", "pk": 15, "fields": {"app_label": "user", "model": "profile"}}, {"model": "sessions.session", "pk": "0zelju787sm6z49sl32jgrpyy6dzvud9", "fields": {"session_data": "YjI1Zjg4MzY3NGJkMzMzNGIwNzM3MTgzMzI5MjU4MzA4MDkwZDk5ODp7fQ==", "expire_date": "2019-06-24T14:56:52.979Z"}}, {"model": "sessions.session", "pk": "2oyuiaauqgtgeup4xvz71t51h06x7g96", "fields": {"session_data": "YjI1Zjg4MzY3NGJkMzMzNGIwNzM3MTgzMzI5MjU4MzA4MDkwZDk5ODp7fQ==", "expire_date": "2019-07-12T15:58:38.801Z"}}, {"model": "sessions.session", "pk": "2tv6mr1do33wy69vjbef5vy9w8hvbiqq", "fields": {"session_data": "NDVhMjEyZTU3MmFmNzZkNmZiZWI1NzFiNTkyMzc0N2M5ZWU2NGIxZTp7Il9hdXRoX3VzZXJfaWQiOiIxIiwiX2F1dGhfdXNlcl9iYWNrZW5kIjoiZGphbmdvLmNvbnRyaWIuYXV0aC5iYWNrZW5kcy5Nb2RlbEJhY2tlbmQiLCJfYXV0aF91c2VyX2hhc2giOiIyYWIxNzQxNzZhZWE0YWYxZjE1MTg2ZjkzZjhiODgxMTNjN2ZjNjQ0In0=", "expire_date": "2019-03-28T15:25:25.078Z"}}, {"model": "sessions.session", "pk": "2w5jyulc3slezyx5e7jc4qe5pvh0ger9", "fields": {"session_data": "YjI1Zjg4MzY3NGJkMzMzNGIwNzM3MTgzMzI5MjU4MzA4MDkwZDk5ODp7fQ==", "expire_date": "2019-06-24T14:57:06.645Z"}}, {"model": "sessions.session", "pk": "37nwl6nqta51sufduy7cmrpmgl60kpjs", "fields": {"session_data": "NmNmZGU1NjcwOGJlNzlmNmVhZGUxNzgyZDIyZTUyM2QyYTcwZWQ2NDp7Il9hdXRoX3VzZXJfaWQiOiIxIiwiX2F1dGhfdXNlcl9iYWNrZW5kIjoiZGphbmdvLmNvbnRyaWIuYXV0aC5iYWNrZW5kcy5Nb2RlbEJhY2tlbmQiLCJfYXV0aF91c2VyX2hhc2giOiIyMDBlMjY0YWM1ODE2NWMzN2EyYzhmMzQ1NmVmZTNhNGRhMDgzMjQ3In0=", "expire_date": "2019-09-01T15:59:53.963Z"}}, {"model": "sessions.session", "pk": "3qelkwxqu48z9rba21oh983r62uegtko", "fields": {"session_data": "NmNmZGU1NjcwOGJlNzlmNmVhZGUxNzgyZDIyZTUyM2QyYTcwZWQ2NDp7Il9hdXRoX3VzZXJfaWQiOiIxIiwiX2F1dGhfdXNlcl9iYWNrZW5kIjoiZGphbmdvLmNvbnRyaWIuYXV0aC5iYWNrZW5kcy5Nb2RlbEJhY2tlbmQiLCJfYXV0aF91c2VyX2hhc2giOiIyMDBlMjY0YWM1ODE2NWMzN2EyYzhmMzQ1NmVmZTNhNGRhMDgzMjQ3In0=", "expire_date": "2019-09-12T15:25:14.328Z"}}, {"model": "sessions.session", "pk": "7vgf21hlf9wzcu6vjo4repr059noseu3", "fields": {"session_data": "N2YzZWY1OTNiMjFmNmVhM2UzODNjN2RlZGQyZGUyYWI1N2EzZmE0NTp7Il9hdXRoX3VzZXJfaWQiOiIxIiwiX2F1dGhfdXNlcl9iYWNrZW5kIjoiZGphbmdvLmNvbnRyaWIuYXV0aC5iYWNrZW5kcy5Nb2RlbEJhY2tlbmQiLCJfYXV0aF91c2VyX2hhc2giOiI0NjBjYWRjMTI0MTJlOTkyYzcyNzUyNmJkZTUyYzY5ZTEzNmUzMWMyIn0=", "expire_date": "2019-10-17T15:12:46.697Z"}}, {"model": "sessions.session", "pk": "bjrog17vtiq0rtcjnrlddzylm9471v5d", "fields": {"session_data": "NDVhMjEyZTU3MmFmNzZkNmZiZWI1NzFiNTkyMzc0N2M5ZWU2NGIxZTp7Il9hdXRoX3VzZXJfaWQiOiIxIiwiX2F1dGhfdXNlcl9iYWNrZW5kIjoiZGphbmdvLmNvbnRyaWIuYXV0aC5iYWNrZW5kcy5Nb2RlbEJhY2tlbmQiLCJfYXV0aF91c2VyX2hhc2giOiIyYWIxNzQxNzZhZWE0YWYxZjE1MTg2ZjkzZjhiODgxMTNjN2ZjNjQ0In0=", "expire_date": "2019-01-11T15:55:29.189Z"}}, {"model": "sessions.session", "pk": "ca6m0rept398hvk1brqg3vl6qjlblugq", "fields": {"session_data": "NmNmZGU1NjcwOGJlNzlmNmVhZGUxNzgyZDIyZTUyM2QyYTcwZWQ2NDp7Il9hdXRoX3VzZXJfaWQiOiIxIiwiX2F1dGhfdXNlcl9iYWNrZW5kIjoiZGphbmdvLmNvbnRyaWIuYXV0aC5iYWNrZW5kcy5Nb2RlbEJhY2tlbmQiLCJfYXV0aF91c2VyX2hhc2giOiIyMDBlMjY0YWM1ODE2NWMzN2EyYzhmMzQ1NmVmZTNhNGRhMDgzMjQ3In0=", "expire_date": "2019-09-03T15:24:41.651Z"}}, {"model": "sessions.session", "pk": "d0cix8ybna2azmfny7g9080zdl0f6vtu", "fields": {"session_data": "NmNmZGU1NjcwOGJlNzlmNmVhZGUxNzgyZDIyZTUyM2QyYTcwZWQ2NDp7Il9hdXRoX3VzZXJfaWQiOiIxIiwiX2F1dGhfdXNlcl9iYWNrZW5kIjoiZGphbmdvLmNvbnRyaWIuYXV0aC5iYWNrZW5kcy5Nb2RlbEJhY2tlbmQiLCJfYXV0aF91c2VyX2hhc2giOiIyMDBlMjY0YWM1ODE2NWMzN2EyYzhmMzQ1NmVmZTNhNGRhMDgzMjQ3In0=", "expire_date": "2019-07-26T15:21:32.420Z"}}, {"model": "sessions.session", "pk": "e15budas8art4yad5mp57ykjm6ak6ssa", "fields": {"session_data": "MDRiZTJhOGE4YmU1ZGZlNTViZTE2MjlhNDVjYjJkNmNkZDM0ZmJkYzp7Il9hdXRoX3VzZXJfaWQiOiI1IiwiX2F1dGhfdXNlcl9iYWNrZW5kIjoiZGphbmdvLmNvbnRyaWIuYXV0aC5iYWNrZW5kcy5Nb2RlbEJhY2tlbmQiLCJfYXV0aF91c2VyX2hhc2giOiI2NTI3NDFmMDMyNjMwYmY1ZTZmNDYzMzVlOWMwYWE3ZTRjMzM0YmNkIn0=", "expire_date": "2019-10-07T15:57:14.833Z"}}, {"model": "sessions.session", "pk": "g7pajisbioiuj1vix2sc6ow4g4w6qcj5", "fields": {"session_data": "NDVhMjEyZTU3MmFmNzZkNmZiZWI1NzFiNTkyMzc0N2M5ZWU2NGIxZTp7Il9hdXRoX3VzZXJfaWQiOiIxIiwiX2F1dGhfdXNlcl9iYWNrZW5kIjoiZGphbmdvLmNvbnRyaWIuYXV0aC5iYWNrZW5kcy5Nb2RlbEJhY2tlbmQiLCJfYXV0aF91c2VyX2hhc2giOiIyYWIxNzQxNzZhZWE0YWYxZjE1MTg2ZjkzZjhiODgxMTNjN2ZjNjQ0In0=", "expire_date": "2019-05-13T15:19:45.356Z"}}, {"model": "sessions.session", "pk": "j5u6zf8nwmzvnmba5pz90mbc44ev7arl", "fields": {"session_data": "NDVhMjEyZTU3MmFmNzZkNmZiZWI1NzFiNTkyMzc0N2M5ZWU2NGIxZTp7Il9hdXRoX3VzZXJfaWQiOiIxIiwiX2F1dGhfdXNlcl9iYWNrZW5kIjoiZGphbmdvLmNvbnRyaWIuYXV0aC5iYWNrZW5kcy5Nb2RlbEJhY2tlbmQiLCJfYXV0aF91c2VyX2hhc2giOiIyYWIxNzQxNzZhZWE0YWYxZjE1MTg2ZjkzZjhiODgxMTNjN2ZjNjQ0In0=", "expire_date": "2019-05-27T15:54:01.517Z"}}, {"model": "sessions.session", "pk": "q6nrtkrjmxftg3ho25yq6cxa2kn3p6hr", "fields": {"session_data": "NDVhMjEyZTU3MmFmNzZkNmZiZWI1NzFiNTkyMzc0N2M5ZWU2NGIxZTp7Il9hdXRoX3VzZXJfaWQiOiIxIiwiX2F1dGhfdXNlcl9iYWNrZW5kIjoiZGphbmdvLmNvbnRyaWIuYXV0aC5iYWNrZW5kcy5Nb2RlbEJhY2tlbmQiLCJfYXV0aF91c2VyX2hhc2giOiIyYWIxNzQxNzZhZWE0YWYxZjE1MTg2ZjkzZjhiODgxMTNjN2ZjNjQ0In0=", "expire_date": "2019-03-11T15:41:44.944Z"}}, {"model": "sessions.session", "pk": "s2kbxdj685af8cc5szdhyj7oacaj0qj3", "fields": {"session_data": "NDVhMjEyZTU3MmFmNzZkNmZiZWI1NzFiNTkyMzc0N2M5ZWU2NGIxZTp7Il9hdXRoX3VzZXJfaWQiOiIxIiwiX2F1dGhfdXNlcl9iYWNrZW5kIjoiZGphbmdvLmNvbnRyaWIuYXV0aC5iYWNrZW5kcy5Nb2RlbEJhY2tlbmQiLCJfYXV0aF91c2VyX2hhc2giOiIyYWIxNzQxNzZhZWE0YWYxZjE1MTg2ZjkzZjhiODgxMTNjN2ZjNjQ0In0=", "expire_date": "2019-03-10T15:28:55.845Z"}}, {"model": "sessions.session", "pk": "vaclpi4fpx1d71l66fwx0buu67ktddif", "fields": {"session_data": "NmNmZGU1NjcwOGJlNzlmNmVhZGUxNzgyZDIyZTUyM2QyYTcwZWQ2NDp7Il9hdXRoX3VzZXJfaWQiOiIxIiwiX2F1dGhfdXNlcl9iYWNrZW5kIjoiZGphbmdvLmNvbnRyaWIuYXV0aC5iYWNrZW5kcy5Nb2RlbEJhY2tlbmQiLCJfYXV0aF91c2VyX2hhc2giOiIyMDBlMjY0YWM1ODE2NWMzN2EyYzhmMzQ1NmVmZTNhNGRhMDgzMjQ3In0=", "expire_date": "2019-09-07T15:42:37.547Z"}}, {"model": "sessions.session", "pk": "z7lehu2s0280d3060idfcxclainrnlsn", "fields": {"session_data": "NDVhMjEyZTU3MmFmNzZkNmZiZWI1NzFiNTkyMzc0N2M5ZWU2NGIxZTp7Il9hdXRoX3VzZXJfaWQiOiIxIiwiX2F1dGhfdXNlcl9iYWNrZW5kIjoiZGphbmdvLmNvbnRyaWIuYXV0aC5iYWNrZW5kcy5Nb2RlbEJhY2tlbmQiLCJfYXV0aF91c2VyX2hhc2giOiIyYWIxNzQxNzZhZWE0YWYxZjE1MTg2ZjkzZjhiODgxMTNjN2ZjNjQ0In0=", "expire_date": "2019-04-28T14:12:03.722Z"}}, {"model": "blog.blogtype", "pk": 1, "fields": {"type_name": "Django"}}, {"model": "blog.blogtype", "pk": 2, "fields": {"type_name": "\u968f\u7b14"}}, {"model": "blog.blogtype", "pk": 3, "fields": {"type_name": "\u611f\u609f"}}, {"model": "blog.blogtype", "pk": 4, "fields": {"type_name": "ckeditor"}}, {"model": "read_statistics.readnum", "pk": 1, "fields": {"read_num": 130, "content_type": 8, "object_id": 36}}, {"model": "read_statistics.readnum", "pk": 2, "fields": {"read_num": 8, "content_type": 8, "object_id": 32}}, {"model": "read_statistics.readnum", "pk": 3, "fields": {"read_num": 16, "content_type": 8, "object_id": 34}}, {"model": "read_statistics.readnum", "pk": 4, "fields": {"read_num": 10, "content_type": 8, "object_id": 33}}, {"model": "read_statistics.readnum", "pk": 5, "fields": {"read_num": 33, "content_type": 8, "object_id": 35}}, {"model": "read_statistics.readnum", "pk": 6, "fields": {"read_num": 7, "content_type": 8, "object_id": 30}}, {"model": "read_statistics.readnum", "pk": 7, "fields": {"read_num": 4, "content_type": 8, "object_id": 31}}, {"model": "read_statistics.readnum", "pk": 8, "fields": {"read_num": 1, "content_type": 8, "object_id": 17}}, {"model": "read_statistics.readnum", "pk": 9, "fields": {"read_num": 1, "content_type": 8, "object_id": 22}}, {"model": "read_statistics.readnum", "pk": 10, "fields": {"read_num": 6, "content_type": 8, "object_id": 3}}, {"model": "read_statistics.readnum", "pk": 11, "fields": {"read_num": 3, "content_type": 8, "object_id": 4}}, {"model": "read_statistics.readnum", "pk": 12, "fields": {"read_num": 1, "content_type": 8, "object_id": 29}}, {"model": "read_statistics.readnum", "pk": 13, "fields": {"read_num": 21, "content_type": 8, "object_id": 37}}, {"model": "read_statistics.readnum", "pk": 14, "fields": {"read_num": 9, "content_type": 8, "object_id": 38}}, {"model": "read_statistics.readnum", "pk": 15, "fields": {"read_num": 6, "content_type": 8, "object_id": 39}}, {"model": "read_statistics.readnum", "pk": 16, "fields": {"read_num": 22, "content_type": 8, "object_id": 41}}, {"model": "read_statistics.readnum", "pk": 17, "fields": {"read_num": 11, "content_type": 8, "object_id": 40}}, {"model": "read_statistics.readnum", "pk": 18, "fields": {"read_num": 15, "content_type": 8, "object_id": 42}}, {"model": "read_statistics.readnum", "pk": 19, "fields": {"read_num": 20, "content_type": 8, "object_id": 43}}, {"model": "read_statistics.readnum", "pk": 20, "fields": {"read_num": 1, "content_type": 8, "object_id": 5}}, {"model": "read_statistics.readnum", "pk": 21, "fields": {"read_num": 1, "content_type": 8, "object_id": 6}}, {"model": "read_statistics.readdetail", "pk": 23, "fields": {"date": "2019-06-06", "read_num": 1, "content_type": 8, "object_id": 3}}, {"model": "read_statistics.readdetail", "pk": 49, "fields": {"date": "2019-06-17", "read_num": 1, "content_type": 8, "object_id": 37}}, {"model": "read_statistics.readdetail", "pk": 51, "fields": {"date": "2019-06-19", "read_num": 1, "content_type": 8, "object_id": 37}}, {"model": "read_statistics.readdetail", "pk": 53, "fields": {"date": "2019-06-24", "read_num": 1, "content_type": 8, "object_id": 37}}, {"model": "read_statistics.readdetail", "pk": 57, "fields": {"date": "2019-06-25", "read_num": 1, "content_type": 8, "object_id": 37}}, {"model": "read_statistics.readdetail", "pk": 61, "fields": {"date": "2019-06-27", "read_num": 1, "content_type": 8, "object_id": 37}}, {"model": "read_statistics.readdetail", "pk": 64, "fields": {"date": "2019-06-28", "read_num": 1, "content_type": 8, "object_id": 37}}, {"model": "read_statistics.readdetail", "pk": 65, "fields": {"date": "2019-07-01", "read_num": 2, "content_type": 8, "object_id": 37}}, {"model": "read_statistics.readdetail", "pk": 71, "fields": {"date": "2019-07-04", "read_num": 1, "content_type": 8, "object_id": 37}}, {"model": "read_statistics.readdetail", "pk": 72, "fields": {"date": "2019-07-04", "read_num": 1, "content_type": 8, "object_id": 3}}, {"model": "read_statistics.readdetail", "pk": 73, "fields": {"date": "2019-07-08", "read_num": 1, "content_type": 8, "object_id": 37}}, {"model": "read_statistics.readdetail", "pk": 78, "fields": {"date": "2019-07-09", "read_num": 1, "content_type": 8, "object_id": 37}}, {"model": "read_statistics.readdetail", "pk": 83, "fields": {"date": "2019-07-10", "read_num": 1, "content_type": 8, "object_id": 37}}, {"model": "read_statistics.readdetail", "pk": 87, "fields": {"date": "2019-07-16", "read_num": 1, "content_type": 8, "object_id": 37}}, {"model": "read_statistics.readdetail", "pk": 94, "fields": {"date": "2019-07-22", "read_num": 1, "content_type": 8, "object_id": 37}}, {"model": "read_statistics.readdetail", "pk": 95, "fields": {"date": "2019-07-23", "read_num": 1, "content_type": 8, "object_id": 37}}, {"model": "read_statistics.readdetail", "pk": 100, "fields": {"date": "2019-07-24", "read_num": 1, "content_type": 8, "object_id": 37}}, {"model": "read_statistics.readdetail", "pk": 102, "fields": {"date": "2019-07-25", "read_num": 1, "content_type": 8, "object_id": 39}}, {"model": "read_statistics.readdetail", "pk": 103, "fields": {"date": "2019-07-25", "read_num": 1, "content_type": 8, "object_id": 41}}, {"model": "read_statistics.readdetail", "pk": 104, "fields": {"date": "2019-07-25", "read_num": 1, "content_type": 8, "object_id": 40}}, {"model": "read_statistics.readdetail", "pk": 105, "fields": {"date": "2019-07-25", "read_num": 1, "content_type": 8, "object_id": 37}}, {"model": "read_statistics.readdetail", "pk": 106, "fields": {"date": "2019-07-26", "read_num": 1, "content_type": 8, "object_id": 41}}, {"model": "read_statistics.readdetail", "pk": 107, "fields": {"date": "2019-07-26", "read_num": 1, "content_type": 8, "object_id": 40}}, {"model": "read_statistics.readdetail", "pk": 108, "fields": {"date": "2019-07-26", "read_num": 1, "content_type": 8, "object_id": 39}}, {"model": "read_statistics.readdetail", "pk": 111, "fields": {"date": "2019-07-29", "read_num": 1, "content_type": 8, "object_id": 41}}, {"model": "read_statistics.readdetail", "pk": 113, "fields": {"date": "2019-07-30", "read_num": 1, "content_type": 8, "object_id": 41}}, {"model": "read_statistics.readdetail", "pk": 114, "fields": {"date": "2019-07-31", "read_num": 2, "content_type": 8, "object_id": 41}}, {"model": "read_statistics.readdetail", "pk": 115, "fields": {"date": "2019-08-01", "read_num": 2, "content_type": 8, "object_id": 41}}, {"model": "read_statistics.readdetail", "pk": 116, "fields": {"date": "2019-08-01", "read_num": 2, "content_type": 8, "object_id": 40}}, {"model": "read_statistics.readdetail", "pk": 118, "fields": {"date": "2019-08-01", "read_num": 1, "content_type": 8, "object_id": 37}}, {"model": "read_statistics.readdetail", "pk": 119, "fields": {"date": "2019-08-01", "read_num": 1, "content_type": 8, "object_id": 39}}, {"model": "read_statistics.readdetail", "pk": 121, "fields": {"date": "2019-08-02", "read_num": 1, "content_type": 8, "object_id": 41}}, {"model": "read_statistics.readdetail", "pk": 122, "fields": {"date": "2019-08-02", "read_num": 1, "content_type": 8, "object_id": 40}}, {"model": "read_statistics.readdetail", "pk": 124, "fields": {"date": "2019-08-02", "read_num": 1, "content_type": 8, "object_id": 39}}, {"model": "read_statistics.readdetail", "pk": 125, "fields": {"date": "2019-08-02", "read_num": 1, "content_type": 8, "object_id": 3}}, {"model": "read_statistics.readdetail", "pk": 128, "fields": {"date": "2019-08-05", "read_num": 1, "content_type": 8, "object_id": 41}}, {"model": "read_statistics.readdetail", "pk": 130, "fields": {"date": "2019-08-06", "read_num": 1, "content_type": 8, "object_id": 40}}, {"model": "read_statistics.readdetail", "pk": 133, "fields": {"date": "2019-08-09", "read_num": 1, "content_type": 8, "object_id": 41}}, {"model": "read_statistics.readdetail", "pk": 136, "fields": {"date": "2019-08-13", "read_num": 1, "content_type": 8, "object_id": 41}}, {"model": "read_statistics.readdetail", "pk": 138, "fields": {"date": "2019-08-13", "read_num": 1, "content_type": 8, "object_id": 39}}, {"model": "read_statistics.readdetail", "pk": 139, "fields": {"date": "2019-08-13", "read_num": 1, "content_type": 8, "object_id": 37}}, {"model": "read_statistics.readdetail", "pk": 141, "fields": {"date": "2019-08-14", "read_num": 1, "content_type": 8, "object_id": 41}}, {"model": "read_statistics.readdetail", "pk": 142, "fields": {"date": "2019-08-18", "read_num": 1, "content_type": 8, "object_id": 37}}, {"model": "read_statistics.readdetail", "pk": 144, "fields": {"date": "2019-08-18", "read_num": 1, "content_type": 8, "object_id": 41}}, {"model": "read_statistics.readdetail", "pk": 146, "fields": {"date": "2019-08-19", "read_num": 1, "content_type": 8, "object_id": 41}}, {"model": "read_statistics.readdetail", "pk": 147, "fields": {"date": "2019-08-19", "read_num": 1, "content_type": 8, "object_id": 40}}, {"model": "read_statistics.readdetail", "pk": 151, "fields": {"date": "2019-08-20", "read_num": 3, "content_type": 8, "object_id": 41}}, {"model": "read_statistics.readdetail", "pk": 152, "fields": {"date": "2019-08-20", "read_num": 2, "content_type": 8, "object_id": 40}}, {"model": "read_statistics.readdetail", "pk": 153, "fields": {"date": "2019-08-20", "read_num": 1, "content_type": 8, "object_id": 39}}, {"model": "read_statistics.readdetail", "pk": 154, "fields": {"date": "2019-08-24", "read_num": 3, "content_type": 8, "object_id": 41}}, {"model": "read_statistics.readdetail", "pk": 156, "fields": {"date": "2019-08-24", "read_num": 1, "content_type": 8, "object_id": 43}}, {"model": "read_statistics.readdetail", "pk": 157, "fields": {"date": "2019-08-25", "read_num": 1, "content_type": 8, "object_id": 43}}, {"model": "read_statistics.readdetail", "pk": 158, "fields": {"date": "2019-08-25", "read_num": 1, "content_type": 8, "object_id": 37}}, {"model": "read_statistics.readdetail", "pk": 159, "fields": {"date": "2019-08-28", "read_num": 2, "content_type": 8, "object_id": 43}}, {"model": "read_statistics.readdetail", "pk": 160, "fields": {"date": "2019-08-28", "read_num": 1, "content_type": 8, "object_id": 40}}, {"model": "read_statistics.readdetail", "pk": 161, "fields": {"date": "2019-08-29", "read_num": 1, "content_type": 8, "object_id": 43}}, {"model": "read_statistics.readdetail", "pk": 162, "fields": {"date": "2019-08-29", "read_num": 1, "content_type": 8, "object_id": 40}}, {"model": "read_statistics.readdetail", "pk": 163, "fields": {"date": "2019-08-29", "read_num": 1, "content_type": 8, "object_id": 41}}, {"model": "read_statistics.readdetail", "pk": 164, "fields": {"date": "2019-08-30", "read_num": 1, "content_type": 8, "object_id": 43}}, {"model": "read_statistics.readdetail", "pk": 165, "fields": {"date": "2019-08-31", "read_num": 1, "content_type": 8, "object_id": 43}}, {"model": "read_statistics.readdetail", "pk": 166, "fields": {"date": "2019-09-02", "read_num": 1, "content_type": 8, "object_id": 43}}, {"model": "read_statistics.readdetail", "pk": 167, "fields": {"date": "2019-09-03", "read_num": 1, "content_type": 8, "object_id": 43}}, {"model": "read_statistics.readdetail", "pk": 168, "fields": {"date": "2019-09-04", "read_num": 1, "content_type": 8, "object_id": 43}}, {"model": "read_statistics.readdetail", "pk": 169, "fields": {"date": "2019-09-05", "read_num": 1, "content_type": 8, "object_id": 43}}, {"model": "read_statistics.readdetail", "pk": 170, "fields": {"date": "2019-09-06", "read_num": 1, "content_type": 8, "object_id": 43}}, {"model": "read_statistics.readdetail", "pk": 171, "fields": {"date": "2019-09-09", "read_num": 1, "content_type": 8, "object_id": 43}}, {"model": "read_statistics.readdetail", "pk": 175, "fields": {"date": "2019-09-09", "read_num": 1, "content_type": 8, "object_id": 3}}, {"model": "read_statistics.readdetail", "pk": 176, "fields": {"date": "2019-09-12", "read_num": 1, "content_type": 8, "object_id": 43}}, {"model": "read_statistics.readdetail", "pk": 177, "fields": {"date": "2019-09-12", "read_num": 1, "content_type": 8, "object_id": 3}}, {"model": "read_statistics.readdetail", "pk": 178, "fields": {"date": "2019-09-13", "read_num": 1, "content_type": 8, "object_id": 43}}, {"model": "read_statistics.readdetail", "pk": 179, "fields": {"date": "2019-09-16", "read_num": 1, "content_type": 8, "object_id": 43}}, {"model": "read_statistics.readdetail", "pk": 180, "fields": {"date": "2019-09-22", "read_num": 1, "content_type": 8, "object_id": 3}}, {"model": "read_statistics.readdetail", "pk": 181, "fields": {"date": "2019-09-23", "read_num": 1, "content_type": 8, "object_id": 43}}, {"model": "read_statistics.readdetail", "pk": 182, "fields": {"date": "2019-09-24", "read_num": 1, "content_type": 8, "object_id": 43}}, {"model": "read_statistics.readdetail", "pk": 183, "fields": {"date": "2019-09-25", "read_num": 1, "content_type": 8, "object_id": 43}}, {"model": "read_statistics.readdetail", "pk": 184, "fields": {"date": "2019-10-03", "read_num": 1, "content_type": 8, "object_id": 43}}, {"model": "likes.likecount", "pk": 1, "fields": {"content_type": 8, "object_id": 42, "liked_num": -1}}, {"model": "likes.likecount", "pk": 2, "fields": {"content_type": 8, "object_id": 41, "liked_num": 0}}, {"model": "likes.likecount", "pk": 3, "fields": {"content_type": 8, "object_id": 40, "liked_num": 1}}, {"model": "likes.likecount", "pk": 4, "fields": {"content_type": 8, "object_id": 39, "liked_num": 1}}, {"model": "likes.likecount", "pk": 5, "fields": {"content_type": 8, "object_id": 37, "liked_num": 0}}, {"model": "likes.likecount", "pk": 6, "fields": {"content_type": 8, "object_id": 36, "liked_num": 0}}, {"model": "likes.likecount", "pk": 7, "fields": {"content_type": 8, "object_id": 35, "liked_num": 0}}, {"model": "likes.likecount", "pk": 8, "fields": {"content_type": 12, "object_id": 212, "liked_num": 0}}, {"model": "likes.likecount", "pk": 9, "fields": {"content_type": 12, "object_id": 214, "liked_num": 0}}, {"model": "likes.likecount", "pk": 10, "fields": {"content_type": 12, "object_id": 211, "liked_num": 0}}, {"model": "likes.likecount", "pk": 11, "fields": {"content_type": 12, "object_id": 208, "liked_num": 0}}, {"model": "likes.likecount", "pk": 12, "fields": {"content_type": 12, "object_id": 209, "liked_num": 0}}, {"model": "likes.likecount", "pk": 13, "fields": {"content_type": 12, "object_id": 210, "liked_num": 0}}, {"model": "likes.likecount", "pk": 14, "fields": {"content_type": 12, "object_id": 213, "liked_num": 0}}, {"model": "likes.likecount", "pk": 15, "fields": {"content_type": 12, "object_id": 207, "liked_num": 0}}, {"model": "likes.likecount", "pk": 16, "fields": {"content_type": 12, "object_id": 205, "liked_num": 0}}, {"model": "likes.likecount", "pk": 17, "fields": {"content_type": 12, "object_id": 206, "liked_num": 0}}, {"model": "likes.likecount", "pk": 18, "fields": {"content_type": 12, "object_id": 203, "liked_num": 0}}, {"model": "likes.likecount", "pk": 19, "fields": {"content_type": 12, "object_id": 204, "liked_num": 0}}, {"model": "likes.likecount", "pk": 20, "fields": {"content_type": 12, "object_id": 197, "liked_num": 0}}, {"model": "likes.likecount", "pk": 21, "fields": {"content_type": 12, "object_id": 198, "liked_num": 0}}, {"model": "likes.likecount", "pk": 22, "fields": {"content_type": 12, "object_id": 199, "liked_num": 0}}, {"model": "likes.likecount", "pk": 23, "fields": {"content_type": 12, "object_id": 200, "liked_num": 0}}, {"model": "likes.likecount", "pk": 24, "fields": {"content_type": 12, "object_id": 201, "liked_num": 0}}, {"model": "likes.likecount", "pk": 25, "fields": {"content_type": 12, "object_id": 202, "liked_num": 0}}, {"model": "likes.likecount", "pk": 26, "fields": {"content_type": 12, "object_id": 196, "liked_num": 0}}, {"model": "likes.likecount", "pk": 27, "fields": {"content_type": 12, "object_id": 195, "liked_num": 0}}, {"model": "likes.likecount", "pk": 28, "fields": {"content_type": 12, "object_id": 194, "liked_num": 0}}, {"model": "likes.likecount", "pk": 29, "fields": {"content_type": 12, "object_id": 193, "liked_num": 0}}, {"model": "likes.likecount", "pk": 30, "fields": {"content_type": 12, "object_id": 192, "liked_num": 0}}, {"model": "likes.likecount", "pk": 31, "fields": {"content_type": 12, "object_id": 191, "liked_num": 0}}, {"model": "likes.likecount", "pk": 32, "fields": {"content_type": 12, "object_id": 190, "liked_num": 0}}, {"model": "likes.likecount", "pk": 33, "fields": {"content_type": 12, "object_id": 189, "liked_num": 0}}, {"model": "likes.likecount", "pk": 34, "fields": {"content_type": 12, "object_id": 188, "liked_num": 0}}, {"model": "likes.likecount", "pk": 35, "fields": {"content_type": 12, "object_id": 187, "liked_num": 0}}, {"model": "likes.likecount", "pk": 36, "fields": {"content_type": 12, "object_id": 186, "liked_num": 0}}, {"model": "likes.likecount", "pk": 37, "fields": {"content_type": 12, "object_id": 183, "liked_num": 0}}, {"model": "likes.likecount", "pk": 38, "fields": {"content_type": 12, "object_id": 184, "liked_num": 0}}, {"model": "likes.likecount", "pk": 39, "fields": {"content_type": 12, "object_id": 185, "liked_num": 0}}, {"model": "likes.likecount", "pk": 40, "fields": {"content_type": 12, "object_id": 181, "liked_num": 0}}, {"model": "likes.likecount", "pk": 41, "fields": {"content_type": 12, "object_id": 176, "liked_num": 0}}, {"model": "likes.likecount", "pk": 42, "fields": {"content_type": 12, "object_id": 177, "liked_num": 0}}, {"model": "likes.likecount", "pk": 43, "fields": {"content_type": 12, "object_id": 178, "liked_num": 0}}, {"model": "likes.likecount", "pk": 44, "fields": {"content_type": 12, "object_id": 180, "liked_num": 0}}, {"model": "likes.likecount", "pk": 45, "fields": {"content_type": 12, "object_id": 182, "liked_num": 0}}, {"model": "likes.likecount", "pk": 46, "fields": {"content_type": 12, "object_id": 166, "liked_num": 0}}, {"model": "likes.likecount", "pk": 47, "fields": {"content_type": 12, "object_id": 167, "liked_num": 0}}, {"model": "likes.likecount", "pk": 48, "fields": {"content_type": 12, "object_id": 168, "liked_num": 0}}, {"model": "likes.likecount", "pk": 49, "fields": {"content_type": 12, "object_id": 169, "liked_num": 0}}, {"model": "likes.likecount", "pk": 50, "fields": {"content_type": 12, "object_id": 170, "liked_num": 0}}, {"model": "likes.likecount", "pk": 51, "fields": {"content_type": 12, "object_id": 171, "liked_num": 0}}, {"model": "likes.likecount", "pk": 52, "fields": {"content_type": 12, "object_id": 172, "liked_num": 0}}, {"model": "likes.likecount", "pk": 53, "fields": {"content_type": 12, "object_id": 179, "liked_num": 0}}, {"model": "likes.likecount", "pk": 54, "fields": {"content_type": 12, "object_id": 148, "liked_num": 0}}, {"model": "likes.likecount", "pk": 55, "fields": {"content_type": 12, "object_id": 147, "liked_num": 0}}, {"model": "likes.likecount", "pk": 56, "fields": {"content_type": 12, "object_id": 142, "liked_num": 0}}, {"model": "likes.likecount", "pk": 57, "fields": {"content_type": 12, "object_id": 141, "liked_num": 0}}, {"model": "likes.likecount", "pk": 58, "fields": {"content_type": 12, "object_id": 140, "liked_num": 0}}, {"model": "likes.likecount", "pk": 59, "fields": {"content_type": 12, "object_id": 139, "liked_num": 0}}, {"model": "likes.likecount", "pk": 60, "fields": {"content_type": 12, "object_id": 138, "liked_num": 0}}, {"model": "likes.likecount", "pk": 61, "fields": {"content_type": 12, "object_id": 136, "liked_num": 0}}, {"model": "likes.likecount", "pk": 62, "fields": {"content_type": 12, "object_id": 135, "liked_num": 0}}, {"model": "likes.likecount", "pk": 63, "fields": {"content_type": 12, "object_id": 132, "liked_num": 0}}, {"model": "likes.likecount", "pk": 64, "fields": {"content_type": 12, "object_id": 133, "liked_num": 0}}, {"model": "likes.likecount", "pk": 65, "fields": {"content_type": 12, "object_id": 130, "liked_num": 0}}, {"model": "likes.likecount", "pk": 66, "fields": {"content_type": 12, "object_id": 131, "liked_num": 0}}, {"model": "likes.likecount", "pk": 67, "fields": {"content_type": 12, "object_id": 127, "liked_num": 0}}, {"model": "likes.likecount", "pk": 68, "fields": {"content_type": 12, "object_id": 134, "liked_num": 0}}, {"model": "likes.likecount", "pk": 69, "fields": {"content_type": 12, "object_id": 125, "liked_num": 0}}, {"model": "likes.likecount", "pk": 70, "fields": {"content_type": 12, "object_id": 124, "liked_num": 0}}, {"model": "likes.likecount", "pk": 71, "fields": {"content_type": 12, "object_id": 123, "liked_num": 0}}, {"model": "likes.likecount", "pk": 72, "fields": {"content_type": 12, "object_id": 122, "liked_num": 0}}, {"model": "likes.likecount", "pk": 73, "fields": {"content_type": 12, "object_id": 117, "liked_num": 0}}, {"model": "likes.likecount", "pk": 74, "fields": {"content_type": 12, "object_id": 42, "liked_num": 0}}, {"model": "likes.likecount", "pk": 75, "fields": {"content_type": 8, "object_id": 43, "liked_num": 0}}, {"model": "likes.likecount", "pk": 76, "fields": {"content_type": 12, "object_id": 119, "liked_num": 0}}, {"model": "likes.likecount", "pk": 77, "fields": {"content_type": 12, "object_id": 31, "liked_num": 0}}, {"model": "likes.likecount", "pk": 78, "fields": {"content_type": 12, "object_id": 30, "liked_num": 0}}, {"model": "likes.likecount", "pk": 79, "fields": {"content_type": 12, "object_id": 29, "liked_num": 0}}, {"model": "likes.likecount", "pk": 80, "fields": {"content_type": 12, "object_id": 28, "liked_num": 0}}, {"model": "likes.likecount", "pk": 81, "fields": {"content_type": 12, "object_id": 27, "liked_num": 0}}, {"model": "likes.likecount", "pk": 82, "fields": {"content_type": 12, "object_id": 26, "liked_num": 0}}, {"model": "likes.likecount", "pk": 83, "fields": {"content_type": 12, "object_id": 25, "liked_num": 0}}, {"model": "likes.likecount", "pk": 84, "fields": {"content_type": 12, "object_id": 13, "liked_num": 0}}, {"model": "likes.likecount", "pk": 85, "fields": {"content_type": 12, "object_id": 37, "liked_num": 0}}, {"model": "likes.likecount", "pk": 86, "fields": {"content_type": 12, "object_id": 217, "liked_num": 0}}, {"model": "likes.likecount", "pk": 87, "fields": {"content_type": 12, "object_id": 215, "liked_num": 0}}, {"model": "likes.likecount", "pk": 88, "fields": {"content_type": 12, "object_id": 216, "liked_num": 0}}, {"model": "likes.likecount", "pk": 89, "fields": {"content_type": 12, "object_id": 218, "liked_num": 0}}, {"model": "likes.likecount", "pk": 90, "fields": {"content_type": 12, "object_id": 219, "liked_num": 0}}, {"model": "likes.likecount", "pk": 91, "fields": {"content_type": 12, "object_id": 174, "liked_num": 0}}, {"model": "likes.likecount", "pk": 92, "fields": {"content_type": 12, "object_id": 146, "liked_num": 0}}, {"model": "likes.likecount", "pk": 93, "fields": {"content_type": 12, "object_id": 160, "liked_num": 0}}, {"model": "likes.likecount", "pk": 94, "fields": {"content_type": 12, "object_id": 161, "liked_num": 0}}, {"model": "likes.likecount", "pk": 95, "fields": {"content_type": 12, "object_id": 162, "liked_num": 0}}, {"model": "likes.likecount", "pk": 96, "fields": {"content_type": 12, "object_id": 163, "liked_num": 0}}, {"model": "likes.likecount", "pk": 97, "fields": {"content_type": 12, "object_id": 164, "liked_num": 0}}, {"model": "likes.likecount", "pk": 98, "fields": {"content_type": 12, "object_id": 165, "liked_num": 0}}, {"model": "likes.likecount", "pk": 99, "fields": {"content_type": 12, "object_id": 173, "liked_num": 0}}, {"model": "likes.likecount", "pk": 100, "fields": {"content_type": 12, "object_id": 175, "liked_num": 0}}, {"model": "likes.likecount", "pk": 101, "fields": {"content_type": 12, "object_id": 126, "liked_num": 0}}, {"model": "likes.likecount", "pk": 102, "fields": {"content_type": 12, "object_id": 120, "liked_num": 0}}, {"model": "likes.likecount", "pk": 103, "fields": {"content_type": 12, "object_id": 118, "liked_num": 0}}, {"model": "likes.likecount", "pk": 104, "fields": {"content_type": 12, "object_id": 40, "liked_num": 0}}, {"model": "likes.likecount", "pk": 105, "fields": {"content_type": 12, "object_id": 220, "liked_num": 0}}, {"model": "likes.likecount", "pk": 106, "fields": {"content_type": 12, "object_id": 221, "liked_num": 0}}, {"model": "likes.likecount", "pk": 107, "fields": {"content_type": 12, "object_id": 222, "liked_num": 0}}, {"model": "likes.likecount", "pk": 108, "fields": {"content_type": 12, "object_id": 43, "liked_num": 0}}, {"model": "likes.likecount", "pk": 109, "fields": {"content_type": 12, "object_id": 223, "liked_num": 0}}, {"model": "likes.likecount", "pk": 110, "fields": {"content_type": 8, "object_id": 34, "liked_num": 0}}, {"model": "likes.likecount", "pk": 111, "fields": {"content_type": 8, "object_id": 33, "liked_num": 0}}, {"model": "likes.likecount", "pk": 112, "fields": {"content_type": 8, "object_id": 6, "liked_num": 0}}, {"model": "likes.likecount", "pk": 113, "fields": {"content_type": 8, "object_id": 5, "liked_num": 0}}, {"model": "likes.likecount", "pk": 114, "fields": {"content_type": 8, "object_id": 4, "liked_num": 0}}, {"model": "likes.likecount", "pk": 115, "fields": {"content_type": 8, "object_id": 3, "liked_num": 0}}, {"model": "likes.likecount", "pk": 116, "fields": {"content_type": 12, "object_id": 224, "liked_num": 0}}, {"model": "likes.likecount", "pk": 117, "fields": {"content_type": 12, "object_id": 225, "liked_num": 0}}, {"model": "likes.likecount", "pk": 118, "fields": {"content_type": 12, "object_id": 226, "liked_num": 0}}, {"model": "likes.likecount", "pk": 119, "fields": {"content_type": 12, "object_id": 229, "liked_num": 0}}, {"model": "likes.likecount", "pk": 120, "fields": {"content_type": 12, "object_id": 231, "liked_num": 0}}, {"model": "likes.likecount", "pk": 121, "fields": {"content_type": 12, "object_id": 230, "liked_num": 0}}, {"model": "likes.likecount", "pk": 122, "fields": {"content_type": 12, "object_id": 234, "liked_num": 0}}, {"model": "likes.likecount", "pk": 123, "fields": {"content_type": 12, "object_id": 233, "liked_num": 0}}, {"model": "likes.likecount", "pk": 124, "fields": {"content_type": 12, "object_id": 232, "liked_num": 0}}, {"model": "likes.likecount", "pk": 125, "fields": {"content_type": 12, "object_id": 243, "liked_num": 0}}, {"model": "likes.likecount", "pk": 126, "fields": {"content_type": 12, "object_id": 242, "liked_num": 0}}, {"model": "likes.likecount", "pk": 127, "fields": {"content_type": 12, "object_id": 241, "liked_num": 0}}, {"model": "likes.likecount", "pk": 128, "fields": {"content_type": 12, "object_id": 240, "liked_num": 0}}, {"model": "likes.likecount", "pk": 129, "fields": {"content_type": 12, "object_id": 239, "liked_num": 0}}, {"model": "likes.likecount", "pk": 130, "fields": {"content_type": 12, "object_id": 238, "liked_num": 0}}, {"model": "likes.likecount", "pk": 131, "fields": {"content_type": 12, "object_id": 237, "liked_num": 0}}, {"model": "likes.likecount", "pk": 132, "fields": {"content_type": 12, "object_id": 236, "liked_num": 0}}, {"model": "likes.likecount", "pk": 133, "fields": {"content_type": 12, "object_id": 235, "liked_num": 0}}, {"model": "auth.permission", "pk": 1, "fields": {"name": "Can add log entry", "content_type": 1, "codename": "add_logentry"}}, {"model": "auth.permission", "pk": 2, "fields": {"name": "Can change log entry", "content_type": 1, "codename": "change_logentry"}}, {"model": "auth.permission", "pk": 3, "fields": {"name": "Can delete log entry", "content_type": 1, "codename": "delete_logentry"}}, {"model": "auth.permission", "pk": 4, "fields": {"name": "Can view log entry", "content_type": 1, "codename": "view_logentry"}}, {"model": "auth.permission", "pk": 5, "fields": {"name": "Can add permission", "content_type": 2, "codename": "add_permission"}}, {"model": "auth.permission", "pk": 6, "fields": {"name": "Can change permission", "content_type": 2, "codename": "change_permission"}}, {"model": "auth.permission", "pk": 7, "fields": {"name": "Can delete permission", "content_type": 2, "codename": "delete_permission"}}, {"model": "auth.permission", "pk": 8, "fields": {"name": "Can view permission", "content_type": 2, "codename": "view_permission"}}, {"model": "auth.permission", "pk": 9, "fields": {"name": "Can add group", "content_type": 3, "codename": "add_group"}}, {"model": "auth.permission", "pk": 10, "fields": {"name": "Can change group", "content_type": 3, "codename": "change_group"}}, {"model": "auth.permission", "pk": 11, "fields": {"name": "Can delete group", "content_type": 3, "codename": "delete_group"}}, {"model": "auth.permission", "pk": 12, "fields": {"name": "Can view group", "content_type": 3, "codename": "view_group"}}, {"model": "auth.permission", "pk": 13, "fields": {"name": "Can add user", "content_type": 4, "codename": "add_user"}}, {"model": "auth.permission", "pk": 14, "fields": {"name": "Can change user", "content_type": 4, "codename": "change_user"}}, {"model": "auth.permission", "pk": 15, "fields": {"name": "Can delete user", "content_type": 4, "codename": "delete_user"}}, {"model": "auth.permission", "pk": 16, "fields": {"name": "Can view user", "content_type": 4, "codename": "view_user"}}, {"model": "auth.permission", "pk": 17, "fields": {"name": "Can add content type", "content_type": 5, "codename": "add_contenttype"}}, {"model": "auth.permission", "pk": 18, "fields": {"name": "Can change content type", "content_type": 5, "codename": "change_contenttype"}}, {"model": "auth.permission", "pk": 19, "fields": {"name": "Can delete content type", "content_type": 5, "codename": "delete_contenttype"}}, {"model": "auth.permission", "pk": 20, "fields": {"name": "Can view content type", "content_type": 5, "codename": "view_contenttype"}}, {"model": "auth.permission", "pk": 21, "fields": {"name": "Can add session", "content_type": 6, "codename": "add_session"}}, {"model": "auth.permission", "pk": 22, "fields": {"name": "Can change session", "content_type": 6, "codename": "change_session"}}, {"model": "auth.permission", "pk": 23, "fields": {"name": "Can delete session", "content_type": 6, "codename": "delete_session"}}, {"model": "auth.permission", "pk": 24, "fields": {"name": "Can view session", "content_type": 6, "codename": "view_session"}}, {"model": "auth.permission", "pk": 25, "fields": {"name": "Can add blog type", "content_type": 7, "codename": "add_blogtype"}}, {"model": "auth.permission", "pk": 26, "fields": {"name": "Can change blog type", "content_type": 7, "codename": "change_blogtype"}}, {"model": "auth.permission", "pk": 27, "fields": {"name": "Can delete blog type", "content_type": 7, "codename": "delete_blogtype"}}, {"model": "auth.permission", "pk": 28, "fields": {"name": "Can view blog type", "content_type": 7, "codename": "view_blogtype"}}, {"model": "auth.permission", "pk": 29, "fields": {"name": "Can add blog", "content_type": 8, "codename": "add_blog"}}, {"model": "auth.permission", "pk": 30, "fields": {"name": "Can change blog", "content_type": 8, "codename": "change_blog"}}, {"model": "auth.permission", "pk": 31, "fields": {"name": "Can delete blog", "content_type": 8, "codename": "delete_blog"}}, {"model": "auth.permission", "pk": 32, "fields": {"name": "Can view blog", "content_type": 8, "codename": "view_blog"}}, {"model": "auth.permission", "pk": 33, "fields": {"name": "Can add read num", "content_type": 9, "codename": "add_readnum"}}, {"model": "auth.permission", "pk": 34, "fields": {"name": "Can change read num", "content_type": 9, "codename": "change_readnum"}}, {"model": "auth.permission", "pk": 35, "fields": {"name": "Can delete read num", "content_type": 9, "codename": "delete_readnum"}}, {"model": "auth.permission", "pk": 36, "fields": {"name": "Can view read num", "content_type": 9, "codename": "view_readnum"}}, {"model": "auth.permission", "pk": 37, "fields": {"name": "Can add read num", "content_type": 10, "codename": "add_readnum"}}, {"model": "auth.permission", "pk": 38, "fields": {"name": "Can change read num", "content_type": 10, "codename": "change_readnum"}}, {"model": "auth.permission", "pk": 39, "fields": {"name": "Can delete read num", "content_type": 10, "codename": "delete_readnum"}}, {"model": "auth.permission", "pk": 40, "fields": {"name": "Can view read num", "content_type": 10, "codename": "view_readnum"}}, {"model": "auth.permission", "pk": 41, "fields": {"name": "Can add read detail", "content_type": 11, "codename": "add_readdetail"}}, {"model": "auth.permission", "pk": 42, "fields": {"name": "Can change read detail", "content_type": 11, "codename": "change_readdetail"}}, {"model": "auth.permission", "pk": 43, "fields": {"name": "Can delete read detail", "content_type": 11, "codename": "delete_readdetail"}}, {"model": "auth.permission", "pk": 44, "fields": {"name": "Can view read detail", "content_type": 11, "codename": "view_readdetail"}}, {"model": "auth.permission", "pk": 45, "fields": {"name": "Can add comment", "content_type": 12, "codename": "add_comment"}}, {"model": "auth.permission", "pk": 46, "fields": {"name": "Can change comment", "content_type": 12, "codename": "change_comment"}}, {"model": "auth.permission", "pk": 47, "fields": {"name": "Can delete comment", "content_type": 12, "codename": "delete_comment"}}, {"model": "auth.permission", "pk": 48, "fields": {"name": "Can view comment", "content_type": 12, "codename": "view_comment"}}, {"model": "auth.permission", "pk": 49, "fields": {"name": "Can add like count", "content_type": 13, "codename": "add_likecount"}}, {"model": "auth.permission", "pk": 50, "fields": {"name": "Can change like count", "content_type": 13, "codename": "change_likecount"}}, {"model": "auth.permission", "pk": 51, "fields": {"name": "Can delete like count", "content_type": 13, "codename": "delete_likecount"}}, {"model": "auth.permission", "pk": 52, "fields": {"name": "Can view like count", "content_type": 13, "codename": "view_likecount"}}, {"model": "auth.permission", "pk": 53, "fields": {"name": "Can add like record", "content_type": 14, "codename": "add_likerecord"}}, {"model": "auth.permission", "pk": 54, "fields": {"name": "Can change like record", "content_type": 14, "codename": "change_likerecord"}}, {"model": "auth.permission", "pk": 55, "fields": {"name": "Can delete like record", "content_type": 14, "codename": "delete_likerecord"}}, {"model": "auth.permission", "pk": 56, "fields": {"name": "Can view like record", "content_type": 14, "codename": "view_likerecord"}}, {"model": "auth.permission", "pk": 57, "fields": {"name": "Can add profile", "content_type": 15, "codename": "add_profile"}}, {"model": "auth.permission", "pk": 58, "fields": {"name": "Can change profile", "content_type": 15, "codename": "change_profile"}}, {"model": "auth.permission", "pk": 59, "fields": {"name": "Can delete profile", "content_type": 15, "codename": "delete_profile"}}, {"model": "auth.permission", "pk": 60, "fields": {"name": "Can view profile", "content_type": 15, "codename": "view_profile"}}, {"model": "auth.user", "pk": 1, "fields": {"password": "pbkdf2_sha256$120000$LTLTUQ2LRsfB$pzUYlqdzm4qciaQmERhzrLHoLoi48GE+OzvOhkPrlbs=", "last_login": "2019-10-03T15:12:46.679Z", "is_superuser": true, "username": "hyy", "first_name": "", "last_name": "", "email": "645382957@qq.com", "is_staff": true, "is_active": true, "date_joined": "2018-12-28T14:06:00Z", "groups": [], "user_permissions": []}}, {"model": "auth.user", "pk": 2, "fields": {"password": "pbkdf2_sha256$120000$qjx4hVmZ5gDT$6wjKhU1kVf6JQ+LFQ+48YTRUXUuxnFcFTPHPhmn9NMw=", "last_login": "2019-09-19T15:55:24.385Z", "is_superuser": true, "username": "hyy2", "first_name": "", "last_name": "", "email": "", "is_staff": true, "is_active": true, "date_joined": "2019-06-25T15:10:40.322Z", "groups": [], "user_permissions": []}}, {"model": "auth.user", "pk": 5, "fields": {"password": "pbkdf2_sha256$120000$vTOi3VkS3Cyp$h6PXQ6l/8kR4urDEGO/GEj5Wd0G6xjI2Eo54ZXe+Gkk=", "last_login": "2019-09-23T15:57:14.823Z", "is_superuser": false, "username": "cmm", "first_name": "", "last_name": "", "email": "heyua92@163.com", "is_staff": false, "is_active": true, "date_joined": "2019-09-19T15:54:21.101Z", "groups": [], "user_permissions": []}}, {"model": "blog.blog", "pk": 3, "fields": {"title": "\u957f\u5185\u5bb9\u7684\u535a\u5ba2", "blog_type": 2, "content": "<h1>1.\u9648\u54aa\u54aa</h1>\r\n\r\n<p>\u5e45\u5ea6\u8fc7\u5927\u6216\u66f4\u597d\u7684\u5f00\u5173\u548c\u5947\u745e\u8d76<strong>\u56de\u53bb\u800c\u6cdb\u6ee5\u98de\u8fc7\u5934\u53d1\u89c4\u5212\u89c4\u5212\u89c4\u8303</strong><br />\r\n\u9648mmm\u662f\u4e2a\u5927\u732a\u5934\u54c8\u54c8</p>\r\n\r\n<p>&nbsp;</p>\r\n\r\n<p><img alt=\"\" src=\"/media/upload/2019/04/28/_20190428000625_XjcHz1U.jpg\" style=\"height:400px\" />&nbsp; &nbsp; &nbsp; &nbsp; &nbsp; &nbsp;<img alt=\"\" src=\"/media/upload/2019/04/28/_20190428000608_iHMiQBY.jpg\" style=\"height:400px\" /></p>\r\n\r\n<p><span style=\"color:#cc00cc\"><span style=\"background-color:null\">\u9648\u54aa\u54aa\u771f\u6f02\u4eae\u554a\uff0c\u5927\u732a\u5934\u5927\u732a\u5934\u5927\u732a\u5934.......</span></span></p>\r\n\r\n<p><span style=\"color:#ff3366\">HY\u6211\u662f\u5927\u5e05b\u3002\u3002\u3002\u3002</span></p>", "author": 1, "created_time": "2019-02-26T14:29:19.196Z", "last_updated_time": "2019-07-04T15:40:47.721Z"}}, {"model": "blog.blog", "pk": 37, "fields": {"title": "\u5173\u4e8edjango\u767b\u9646(\u8bc4\u8bba\u533a)\u5bc6\u7801\u9519\u8bef", "blog_type": 1, "content": "<h2><span style=\"color:#1abc9c\"><strong><span style=\"background-color:#ffffff\">\u524d\u7aeftemplate \u90e8\u5206\u4ee3\u7801\u5982\u4e0b:</span></strong></span></h2>\r\n\r\n<pre>\r\n&lt;h3 class = &quot;comment-area-title&quot;&gt;\u63d0\u4ea4\u8bc4\u8bba&lt;/h3&gt;\r\n    {% if user.is_authenticated %}\r\n        \u5df2\u767b\u9646\r\n    {% else %}\r\n        \u672a\u767b\u5f55\r\n        &lt;form action=&quot;{% url &#39;login&#39; %}&quot; method=&quot;POST&quot;&gt;\r\n            {% csrf_token %}\r\n            &lt;span&gt;\u7528\u6237\u540d: &lt;/span&gt;\r\n            &lt;input type=&quot;text&quot; name = &quot;username&quot;&gt;\r\n            &lt;span&gt;\u5bc6\u7801: &lt;/span&gt;\r\n            &lt;input type=&quot;password&quot; name = &quot;password&quot;&gt;\r\n            &lt;input type=&quot;submit&quot; value=&quot;\u767b\u9646&quot;&gt;\r\n        &lt;/form&gt;\r\n    {% endif %}\r\n&lt;/div&gt;\r\n&lt;div class = &quot;comment-area&quot;&gt;\r\n    &lt;h3 class =  &quot;comment-area-title&quot;&gt;\u8bc4\u8bba\u5217\u8868&lt;/h3&gt;</pre>\r\n\r\n<h2><span style=\"color:#1abc9c\"><strong>\u540e\u53f0views\u4ee3\u7801\u5982\u4e0b:</strong></span></h2>\r\n\r\n<pre>\r\nfrom django.contrib import auth</pre>\r\n\r\n<pre>\r\ndef login(request):\r\n    username = request.POST.get(&#39;username&#39;, &#39; &#39;)\r\n    password = request.POST.get(&#39;password &#39;, &#39; &#39;)\r\n    user = auth.authenticate(request, username = username, password = password)\r\n    referer = request.META.get(&#39;HTTP_REFERER&#39;,reverse(&#39;home&#39;))             #\u53cd\u5411\u89e3\u6790\r\n    if user is not None:\r\n        auth.login(request, user)\r\n        # Redirect to a success page.---\u91cd\u5b9a\u5411\r\n        return redirect(referer)      #\u767b\u9646\u6210\u529f\uff0c\u5b9a\u5411\u5230\u767b\u9646\u7684\u9875\u9762\r\n    else:\r\n        return render(request, &#39;error.html&#39;, {&#39;message&#39;:&#39;\u7528\u6237\u540d\u6216\u8005\u5bc6\u7801\u4e0d\u6b63\u786e&#39;})</pre>\r\n\r\n<h2><span style=\"color:#ff3333\">\u8bc4\u8bba\u533a\u65e0\u8bba\u600e\u4e48log in \u90fd\u63d0\u793a\u5bc6\u7801\u9519\u8bef\uff01\uff01\uff01\uff01\uff01</span></h2>\r\n\r\n<h2><span style=\"color:#e74c3c\">\u518d\u6b21\u521b\u5efa\u4e86superuser\u4e5f\u63d0\u793a\u540c\u6837\u7684\u9519\u8bef\u3002</span></h2>\r\n\r\n<h2><span style=\"color:#e74c3c\">\u5c1d\u8bd5\u89e3\u51b3\u65b9\u6cd5\uff1a\u53ef\u4ee5\u540e\u7aef\u7684login\u65b9\u6cd5\u5199\u4e00\u53e5print(username)\u548cprint(password)\u770b\u4f20\u8fdb\u540e\u7aef\u7684\u503c\u662f\u5426\u6b63\u786e \uff1f \u518d\u4e00\u4e00\u6392\u67e5\uff01</span></h2>\r\n\r\n<h2>&nbsp;</h2>", "author": 1, "created_time": "2019-06-17T15:17:31.706Z", "last_updated_time": "2019-07-01T15:39:05.625Z"}}, {"model": "blog.blog", "pk": 39, "fields": {"title": "\u540e\u53f0\u6dfb\u52a0blog\u62a5\u9519", "blog_type": 1, "content": "<p>\u540e\u53f0\u589e\u52a0blog\u65f6\uff0c\u62a5\u9519Exception Type:&nbsp;<span style=\"color:#e74c3c\">&nbsp;ImproperlyConfigured</span>&nbsp;&nbsp;</p>\r\n\r\n<p>\u5728\u914d\u7f6eCKEDITOR\u8981\u5728CKEDITOR_CONFIGS\u91cc\u52a0\u4e00\u53e5 &#39;default&#39; : { }&nbsp; \u5c31\u53ef\u4ee5\u89e3\u51b3</p>\r\n\r\n<p>\u5982\u4e0b\u7ea2\u5b57\u6240\u793a\uff1a</p>\r\n\r\n<pre>\r\nCKEDITOR_CONFIGS = {\r\n    <span style=\"color:#e74c3c\">&#39;default&#39;:{},</span>\r\n    &#39;comment_ckeditor&#39;: {\r\n        &#39;toolbar&#39;: &#39;Custom&#39;,\r\n        &#39;toolbar_Custom&#39;: [\r\n            [&#39;Bold&#39;, &#39;Italic&#39;, &#39;Underline&#39;,&#39;Strike&#39;, &#39;Subscript&#39;, &#39;Superscript&#39;],\r\n            [&quot;TextColor&quot;, &quot;BGColor&quot;, &quot;RemoveFormat&quot;],\r\n            [&#39;NumberedList&#39;, &#39;BulletedList&#39;],\r\n            [&#39;Link&#39;, &#39;Unlink&#39;],\r\n            [&quot;Smiley&quot;, &quot;SpecialChar&quot;, &quot;Blockquote&quot;],\r\n        ],\r\n        &#39;width&#39;: &#39;auto&#39;,\r\n        &#39;height&#39;: &#39;180&#39;,\r\n        &#39;tabSpaces&#39;: 4,\r\n        &#39;removePlugins&#39;:&#39;elementspath&#39;,\r\n        &#39;resize_enabled&#39;: False,\r\n    }\r\n}\r\n\r\n</pre>", "author": 1, "created_time": "2019-07-25T15:29:31.720Z", "last_updated_time": "2019-07-25T15:30:39.040Z"}}, {"model": "blog.blog", "pk": 40, "fields": {"title": "ckeditor\u9996\u884c\u7f29\u8fdb\u7684\u95ee\u9898", "blog_type": 4, "content": "<p>\u9996\u884c\u81ea\u5df1\u5411\u540ego 4\u4e2a\u7a7a\u683c \uff1f\uff1f\uff1f</p>", "author": 1, "created_time": "2019-07-25T15:34:22.986Z", "last_updated_time": "2019-07-25T15:34:22.986Z"}}, {"model": "blog.blog", "pk": 41, "fields": {"title": "AJAX \u65e0\u6cd5\u5b9e\u65f6\u5237\u65b0 \u95ee\u9898 \uff1f", "blog_type": 1, "content": "<p><span style=\"color:#e74c3c\">\u8bc4\u8bba\u535a\u5ba2\u65f6\uff0c\u65e0\u6cd5\u5b9e\u65f6\u5237\u65b0\uff0c\u70b9\u51fb\u8bc4\u8bba\u4f1a\u8fdb\u5165\u4e00\u4e2aJSON\u9875\u9762</span></p>\r\n\r\n<h1>1.\u6a21\u677f\u9875\u9762\u4ee3\u7801\uff1a</h1>\r\n\r\n<pre>\r\n{% block script_extends %}\r\n    &lt;script type=&quot;text/javascript&quot;&gt;\r\n        $(&quot;#comment_form&quot;).submit(function(){\r\n            //\u66f4\u65b0\u6570\u636e\u5230textarea\r\n            <span style=\"color:#e74c3c\">CKEDITOR.instances</span>[&#39;id_text&#39;].updateElement();\r\n            //\u5f02\u6b65\u63d0\u4ea4\r\n            $.ajax({\r\n                url:&quot;{% url &#39;update_comment&#39; %}&quot;,\r\n                type: &#39;POST&#39;,\r\n                data: $(this).serialize(),\r\n                cache: false,\r\n                success: function(data){\r\n                    console.log(data);\r\n                    if(data[&#39;status&#39;]==&quot;SUCCESS&quot;){\r\n                        // \u63d2\u5165\u6570\u636e\r\n                        var comment_html = &#39;&lt;div&gt;&#39; + data[&#39;username&#39;] +\r\n                                       &#39;(&#39; + data[&#39;comment_time&#39;] + &#39;): &#39; +\r\n                                       data[&#39;text&#39;] + &#39;&lt;/div&gt;&#39;;\r\n                        $(&quot;#comment_list&quot;).prepend(<span style=\"color:#e74c3c\">comment_html</span>);\r\n                    }else{\r\n                    }\r\n                },\r\n                //\u5f53\u8bf7\u6c42\u53d1\u751f\u5f02\u5e38\uff0c\u8fd4\u56de\u4e00\u4e2a\u56de\u8c03\u51fd\u6570\r\n                error: function(xhr){\r\n                    console.log(xhr);\r\n                }\r\n            });\r\n            return false;\r\n        });\r\n    &lt;/script&gt;\r\n{% endblock %}</pre>\r\n\r\n<p>\u4e0b\u4ee3\u7801\u662f\u5c06instances\u5199\u6210instant \u4f1a\u5bfc\u81f4\u6b64\u95ee\u9898\uff0c\u6539\u8fc7\u6765\u5c31\u884c\u3002<span style=\"color:#e74c3c\">&nbsp;</span></p>\r\n\r\n<h1><span style=\"color:null\">2.</span></h1>\r\n\r\n<h3><span style=\"color:null\">\u8bc4\u8bba\u5b9e\u65f6\u5237\u65b0\uff0c\u4f46\u662f\u8bc4\u8bba\u5185\u5bb9\u4e3acomment_html ,\u4f46\u662f\u5237\u65b0\u9875\u9762\u540e\u4f1a\u663e\u793a\u6b63\u786e\u7684\u8bc4\u8bba\u5185\u5bb9\uff0c\u539f\u56e0\u4e3a\u5c06 comment_html \u5199\u6210 &#39;comment_html&#39;&nbsp; \uff0c\u591a\u5199\u4e86\u4e2a\u5f15\u53f7\uff0c\u4e3a\u62fc\u5199\u9519\u8bef\u3002</span></h3>\r\n\r\n<h3>&nbsp;</h3>", "author": 1, "created_time": "2019-07-25T15:44:59.433Z", "last_updated_time": "2019-07-25T15:46:02.811Z"}}, {"model": "blog.blog", "pk": 43, "fields": {"title": "JS \u771f\u7684\u662f\u6076\u5fc3", "blog_type": 2, "content": "<p>\u62fc\u5199\u9519\u8bef\uff0c\u9017\u53f7\u5f15\u53f7\u90fd\u56de\u5f15\u8d77\u5f88\u4e25\u91cd\u7684\u9519\u8bef\uff0c\u4e14\u4e0d\u4f1a\u62a5\u9519\uff0c\u4e0d\u77e5\u9053\u54ea\u91ccbug\u3002</p>", "author": 1, "created_time": "2019-08-24T15:45:17.922Z", "last_updated_time": "2019-08-24T15:45:17.922Z"}}, {"model": "likes.likerecord", "pk": 7, "fields": {"content_type": 8, "object_id": 40, "user": 1, "liked_time": "2019-08-20T15:34:12.884Z"}}, {"model": "likes.likerecord", "pk": 8, "fields": {"content_type": 8, "object_id": 39, "user": 1, "liked_time": "2019-08-20T15:34:19.887Z"}}, {"model": "user.profile", "pk": 1, "fields": {"user": 1, "nickname": "\u4f55\u6e90\u6e90"}}]